sep=,
Gender,GivenName,Surname,StreetAddress,City,EmailAddress,Password
male,Cameron,Burke,"34 Withers Close",ALDRO,CameronBurke@rhyta.com,aeN4keiyi
male,Joel,Mann,"69 Coast Rd",KIRKTON,JoelMann@dayrep.com,rieJail3nu
female,Jodie,Baker,"35 Quay Street","NATELY SCURES",JodieBaker@rhyta.com,ieH0oopuush
male,Liam,Marsh,"44 Gordon Terrace",BAUMBER,LiamMarsh@superrito.com,AiN1ohQua7c
male,Matthew,Bennett,"72 Princes Street",ROEWEN,MatthewBennett@teleworm.us,Iepoo5kovoo
female,Amelie,Perkins,"89 Terrick Rd",ELLAND,AmeliePerkins@superrito.com,uiShoyai3
female,Courtney,Hussain,"51 Leicester Road",AYDON,CourtneyHussain@cuvox.de,Wai4oun4Ix
male,Louis,Bevan,"27 Huntly Street",BARNTON,LouisBevan@jourrapide.com,omai1Eish
male,Andrew,Stephenson,"11 Foregate Street",COALPORT,AndrewStephenson@gustr.com,Tie6feer8uoxee
male,Owen,Hutchinson,"59 Crown Street","LONG COMMON",OwenHutchinson@jourrapide.com,oojouJ8la
female,Sophie,Knight,"20 Golf Road",SWARLAND,SophieKnight@gustr.com,ioz5aGe5ic8
female,Isabelle,Barry,"62 Graham Road",CHESTERS,IsabelleBarry@jourrapide.com,Beit0Too
female,Georgina,Gilbert,"51 Holgate Rd",RAINTON,GeorginaGilbert@rhyta.com,No9queib0ke
female,Amy,Patel,"96 Middlewich Road",FISHBOURNE,AmyPatel@gustr.com,men0gi0Aacei
female,Sienna,Charlton,"99 Oxford Rd",WOULDHAM,SiennaCharlton@jourrapide.com,EiH9saungo
male,Spencer,Leach,"82 Oxford Rd",WORSLEY,SpencerLeach@superrito.com,Shequah6oo
female,Tegan,Jenkins,"42 Graham Road","CHEVINGTON DRIFT",TeganJenkins@jourrapide.com,iu3eFie6
female,Lara,Barrett,"33 Hendford Hill",MOY,LaraBarrett@dayrep.com,Ohwoocefee8
female,Isabel,Dyer,"33 Trinity Crescent",WHITCHURCH,IsabelDyer@rhyta.com,ohKit7ejeiD
male,Finlay,Hanson,"61 Caradon Hill",TYTHERINGTON,FinlayHanson@einrot.com,iu4Mee6Aeng
female,Amelia,Douglas,"77 Hampton Court Rd",SPARKWELL,AmeliaDouglas@fleckens.hu,oichah5pohL
male,Matthew,Lowe,"74 Argyll Road",LLAITHDDU,MatthewLowe@rhyta.com,jieGaimoog0
female,Paige,Bentley,"30 Princes Street",ROGATE,PaigeBentley@fleckens.hu,Ohch9Aehoo
female,Rachel,Metcalfe,"53 Guild Street",LONDON,RachelMetcalfe@fleckens.hu,thaeKiep3a
male,Joel,North,"92 Newport Road",CARNBEE,JoelNorth@jourrapide.com,yai2shuW7ou
female,Brooke,Warren,"20 Foregate Street",COAST,BrookeWarren@gustr.com,DaejaiN1Poa
female,Katherine,Hanson,"10 Grenoble Road",BREDFIELD,KatherineHanson@einrot.com,Xe6shoequoh
male,Kai,Mistry,"84 Golden Knowes Road","FRIDAY STREET",KaiMistry@cuvox.de,ohx6hieQuai
female,Maya,Grant,"46 Church Way",BRACKLY,MayaGrant@armyspy.com,Gah2Choud
male,Owen,Horton,"5 Academy Street",BELTRING,OwenHorton@teleworm.us,QuohSeu6v
female,Anna,Osborne,"10 Abingdon Road",BRANTHWAITE,AnnaOsborne@einrot.com,ogoeMahvi8a
male,Zachary,Browne,"27 Layburn Court",TRANWELL,ZacharyBrowne@fleckens.hu,phie3oJiesh
female,Millie,Rahman,"58 Fox Lane",BOGALLAN,MillieRahman@jourrapide.com,phea3Joa
male,Gabriel,Henry,"97 Huntly Street",BARNWOOD,GabrielHenry@gustr.com,Mei7xoo8
male,Billy,Higgins,"93 Southlands Road",POLPERRO,BillyHiggins@fleckens.hu,Aeye4faere
male,Alex,Hurst,"34 Golden Knowes Road",FRETTENHAM,AlexHurst@einrot.com,ohR3le7Ch
male,Sebastian,Pearson,"49 Prospect Hill",DRAYCOTT,SebastianPearson@cuvox.de,aiH7yaed1
male,Ethan,O'Sullivan,"16 Grenoble Road",BRETFORTON,EthanOSullivan@teleworm.us,uujooB0ai
male,Connor,West,"52 Middlewich Road",FINSTHWAITE,ConnorWest@armyspy.com,ie6Coh8ni
male,Riley,Daniels,"1 Cloch Rd","ST PETROX",RileyDaniels@jourrapide.com,ohvee4Eil
female,Elizabeth,Leach,"19 Ings Lane",DEAN,ElizabethLeach@teleworm.us,naid3eethaiF
male,Elliot,Bell,"73 Mounthoolie Lane",SUTCOMBE,ElliotBell@jourrapide.com,ieneicahx2Oo
female,Phoebe,Wheeler,"66 Walden Road",GREENHALL,PhoebeWheeler@rhyta.com,weiMe3noo
female,Holly,Jordan,"36 Maidstone Road",WENDY,HollyJordan@teleworm.us,Vae5puopiVaSh
female,Lara,Lucas,"97 Fore St",TUGFORD,LaraLucas@rhyta.com,ahw7xeadieTh
male,Nathan,Archer,"22 St Dunstans Street",WARSASH,NathanArcher@armyspy.com,ooTaeho4pe
female,Faith,Turner,"62 Layburn Court",TRANWELL,FaithTurner@superrito.com,IeNgiavei2V
male,Jacob,Butler,"89 Chapel Lane",ARRINGTON,JacobButler@fleckens.hu,Nahcha1ei
female,Shannon,Kelly,"77 Haslemere Road",EASTON,ShannonKelly@gustr.com,Euzucie5ohf
male,Mason,Atkins,"28 Harehills Lane",ROWINGTON,MasonAtkins@gustr.com,ahs2iGu2yah
male,Finlay,Archer,"81 Stone Cellar Road",KINGSTONE,FinlayArcher@rhyta.com,nio8Xooj
male,Jude,Morrison,"42 Mill Lane",CORPACH,JudeMorrison@armyspy.com,aiN8uuphu
female,Kate,Holland,"9 Emerson Road","KIRBY HILL",KateHolland@rhyta.com,raCa8waang
male,Bailey,Fisher,"32 Caradon Hill",TYN-Y-CWM,BaileyFisher@gustr.com,EJukee8ou0k
female,Samantha,Green,"76 West Lane",DALNABRECK,SamanthaGreen@gustr.com,booB0kio
male,Jonathan,Simpson,"34 City Walls Rd",CLOLA,JonathanSimpson@rhyta.com,tohl1teiDee
female,Charlotte,Martin,"30 Fordham Rd",HALLWORTHY,CharlotteMartin@dayrep.com,aiwoC2xaib
female,Maisie,Wright,"99 City Walls Rd","CLIFFORD'S MESNE",MaisieWright@rhyta.com,ohBumegh0aip1
male,Cameron,Robinson,"21 Graham Road","CHESLYN HAY",CameronRobinson@teleworm.us,ae1siesie8U
female,Jade,Davey,"8 Park Row",EDMONDSLEY,JadeDavey@jourrapide.com,Ooj4ethie
male,Hayden,Bull,"63 Davids Lane","STUD GREEN",HaydenBull@fleckens.hu,ohN4vah0
male,Muhammad,Perry,"33 Lammas Street","GREAT BARFORD",MuhammadPerry@rhyta.com,ieD2ohgo
male,Oscar,Mason,"16 Jedburgh Road","LENHAM HEATH",OscarMason@jourrapide.com,Yaitohy5
male,Declan,Dunn,"56 Great Western Road","LONGWELL GREEN",DeclanDunn@cuvox.de,Siequ0Cie
male,Kai,Chandler,"4 Church Way",BRADNINCH,KaiChandler@gustr.com,shoovu1Fai
male,Jake,Carroll,"65 Dover Road",WESTHALL,JakeCarroll@gustr.com,tee7aThe3oo
female,Poppy,Ashton,"19 Worthy Lane","MATCHING TYE",PoppyAshton@cuvox.de,Keiwiequ1
male,Andrew,Gardner,"52 Bootham Terrace","RAYMOND'S HILL",AndrewGardner@fleckens.hu,Iehoong6Oo
male,Luke,Hill,"83 Nottingham Rd",ABERFFRAW,LukeHill@armyspy.com,eiN3ate1Rae
female,Ella,Shepherd,"4 Circle Way",CAERNARFON,EllaShepherd@gustr.com,hoh3Ooxei
male,Kai,Barnett,"16 Nottingham Rd",ABBOTSHAM,KaiBarnett@superrito.com,eech7iz4Eiqu
male,Morgan,Ford,"4 Newport Road","CARLTON MINIOTT",MorganFord@cuvox.de,EiRux3Ue5oh
female,Kayleigh,Carr,"3 City Walls Rd",CLUNIE,KayleighCarr@gustr.com,aePei7ii3
male,Jay,Charlton,"52 Cunnery Rd",MALMSMEAD,JayCharlton@rhyta.com,giegae4AhPh
female,Sarah,Gardiner,"68 Castledore Road",TWYNHOLM,SarahGardiner@armyspy.com,awah8OoPh
male,Riley,Simmons,"5 Carriers Road","CRICKET ST THOMAS",RileySimmons@einrot.com,aichahsh2E
male,Taylor,Lewis,"28 Crescent Avenue",DUCKLINGTON,TaylorLewis@gustr.com,uqui9wi9O
male,Logan,Lynch,"39 George Street",BRYNMENYN,LoganLynch@cuvox.de,Boh8aifaiz2ie
male,Billy,Nelson,"44 Park Avenue",LAZENBY,BillyNelson@einrot.com,soong9ooC
male,Sebastian,Saunders,"4 Fraserburgh Rd",LINHOPE,SebastianSaunders@dayrep.com,Phoh5aiw
female,Tia,Patterson,"66 Park Avenue","LEAKE HURN'S END",TiaPatterson@gustr.com,ahluQuee8Muor
male,Freddie,Houghton,"95 Walden Road","GREENSTEAD GREEN",FreddieHoughton@dayrep.com,hohshah7Uf5
male,Brandon,Burrows,"5 Annfield Rd",BEDDAU,BrandonBurrows@jourrapide.com,uuHadedo9
male,Louie,Morley,"64 Gloddaeth Street",BIMBISTER,LouieMorley@armyspy.com,Aeph8ooNgeeCh
male,George,Power,"73 Traill Street","ROSSIE OCHILL",GeorgePower@jourrapide.com,aePoom6Chi
male,Oliver,Randall,"16 South Crescent",LYDLINCH,OliverRandall@fleckens.hu,payoo6Sui8w
male,Scott,Thorpe,"78 Bootham Crescent",ROADHEAD,ScottThorpe@fleckens.hu,aiL5aeroh
male,Harry,Collins,"14 Bridge Street",GORING-BY-SEA,HarryCollins@teleworm.us,Nai1lair7uY
male,Tyler,Akhtar,"85 Shire Oak Road",SCETHROG,TylerAkhtar@armyspy.com,Chahyaiz3ieh
male,Aidan,Marsh,"65 Pendwyallt Road",BURTON,AidanMarsh@dayrep.com,thieKiem7ch
male,Oliver,Noble,"99 Union Terrace",LONDON,OliverNoble@fleckens.hu,quuFoxoh3L
male,Harrison,Hayes,"90 Worthy Lane",MARYWELL,HarrisonHayes@superrito.com,BieC2egh
male,Luke,Simmons,"86 Harrogate Road",RUTHVEN,LukeSimmons@dayrep.com,aeQuaed2
female,Eloise,Hanson,"37 Prospect Hill",DRAYCOTT,EloiseHanson@rhyta.com,eiQui1oo
male,Daniel,Harper,"71 Union Terrace",LODDINGTON,DanielHarper@rhyta.com,iegh6APhe
female,Grace,Chan,"65 Hounslow Rd",SMITHFIELD,GraceChan@armyspy.com,IeP1thueloh1
female,Elizabeth,Hodgson,"16 Berkeley Rd",STREATLEY,ElizabethHodgson@rhyta.com,Bi7jo6ohwei
male,Aidan,Flynn,"9 Souterhead Road","LOSTOCK GREEN",AidanFlynn@einrot.com,Aih3eiwai7u
female,Brooke,Doyle,"91 Fosse Way",ARDROSSAN,BrookeDoyle@fleckens.hu,ohziaYiNae2
male,Henry,Macdonald,"56 Wern Ddu Lane",LUDAG,HenryMacdonald@armyspy.com,eiJoof2Ie
